"","Query Mass","Database Mass (neutral mass)","rt","Isotope","Adduct","Name","spectra","Biofluid","ENTRY","p.adj","p","Fisher.Test","Mean Class KO","Mean Class WT","Median Class KO","Median Class WT","KO","WT","ko15","ko16","ko18","ko19","ko21","ko22","wt15","wt16","wt18","wt19","wt21","wt22"
"1",328.2,"Unknown","56.32","","","Unknown","4","unknown","unknown",0.00200249323230223,0.00200249323230223,NA,49713.1476231215,5636.56938418835,42096.586643658,4838.52680443924,4,0,42881.8682873146,88615.3341538464,41311.3050000014,38368.4551864546,40095.5831111119,47006.3399999999,2120.42462102422,0,11778.4970509988,10243.4410242286,2888.5113429985,6788.54226587997
"2",544.2,"Unknown","56.62","","[M+Na]+ 521.202","Unknown","12","unknown","unknown",0.660219103696781,0.660219103696781,NA,150448.037325575,117663.114470878,104227.292783667,119004.818124872,3,2,87514.5155673344,15031.6208123612,120940.07,70558.0454626467,162788.169999999,445855.802111109,196595.3,6122.39786748848,38846.6103214602,96823.1612497398,141186.475000005,226404.742386574
"3",481.1,"Unknown","61.42","","","Unknown","428","unknown","unknown",0.0228596524470178,0.0228596524470178,NA,32493.6024185607,7120.50214583327,36248.5149374997,0,3,0,15343.2600000005,28757.7078750005,51219.3199999997,50357.2096363648,43739.3219999989,5544.79499999999,24105.695,18617.3178749997,0,0,0,0
"4",570.15,"Unknown","53.81","","","Unknown","460","unknown","unknown",0.0219567136797054,0.0219567136797054,NA,71808.4256529395,14649.0831549496,78043.4160000021,13135.8328065409,4,1,0,68659.6720000011,48512.1884176296,87427.160000003,120206.085000004,106045.448499999,0,12884.2112111238,13387.454401958,21632.3883166145,0,39990.4450000014
"5",396.2,"Unknown","64.39","","","Unknown","468","unknown","unknown",0.0178739634546851,0.0178739634546851,NA,35365.0415140054,6391.81157936506,30177.4875714284,6912.29716666668,3,0,68932.528941176,49774.8249999997,29862.1688571421,13673.4049999998,19454.5149999999,30492.8062857148,4434.80514285703,8914.23999999994,5780.49433333341,8155.21499999995,3022.01500000011,8044.09999999995
"6",449.1,"Unknown","54.87","","","Unknown","486","unknown","unknown",0.000684682748340046,0.000684682748340046,NA,55495.4783055562,3209.04838350542,50442.2975000005,3153.24003170311,6,0,57917.520000002,50601.1450000018,38995.6466666672,45976.3681666673,89198.7399999999,50283.4499999993,1360.02426449185,2721.63044209714,0,7280.85547631729,4306.93049681714,3584.84962130907
"7",384.2,"Unknown","51.25","","","Unknown","532","unknown","unknown",0.0357329045698976,0.0357329045698976,NA,40534.8650535044,11443.2222089981,48325.2109078536,11791.0186061349,3,0,0,69232.409714284,22691.3667910346,53246.7118157078,54634.9920000005,43403.7099999994,1807.14239960665,18011.3581478531,25258.7954942588,0,7031.29040069983,16550.7468115699
"8",502.2,"Unknown","48.76","","","Unknown","544","unknown","unknown",0.0409459828403125,0.0409459828403125,NA,51648.5116793326,191875.979169256,37644.4824684919,172816.760911495,2,4,30270.1749369838,0,73262.9345362347,131339.772842105,45018.7899999999,29999.3977606722,289345.025000002,376911.953478258,214879.409107707,96726.9497142833,130754.112715283,42638.4250000015
"9",330.2,"Unknown","60.64","","","Unknown","586","unknown","unknown",0.00625327008876489,0.00625327008876489,NA,36894.0934861811,4812.16531402046,37850.4191067203,4238.55420423606,3,0,40787.3808333339,44649.4499999997,34913.4573801066,12765.2004830512,23713.4738039284,64535.5984166667,2812.27992861872,11279.9426952238,0,7335.94562762987,5664.8284798534,1779.99515279696
"10",314.2,"Unknown","58.47","","","Unknown","591","unknown","unknown",7.31345899833149e-05,7.31345899833149e-05,NA,53713.8225192886,15499.2715126406,53523.9976250001,12661.5702855795,5,0,53657.5899999993,56690.5599999996,46916.8330000006,70257.5450000002,53390.405250001,41370.0018657309,6509.70490793985,16030.5924473352,11528.3834762641,36052.915715424,13794.7570948949,9079.27543398549
"11",327.2,"326.188202","57.08","",""," Isoacitretin ","625","Not Available","HMDB03039 ",0.00334535145953484,0.00334535145953484,NA,675788.557744387,18926.7584503347,577786.155093747,13365.0295643999,4,2,553049.328091369,1050068.3875862,553983.180187495,263734.704237638,601589.129999999,1032306.61636363,8942.7316274863,40364.4800000001,17787.3275013135,8440.92079240764,29538.2434285719,8486.8473522287
"12",348.15,"Unknown","57.1","","","Unknown","625","unknown","unknown",0.00475424116247548,0.00475424116247548,NA,148794.680783549,7475.74984293185,148866.099083334,5828.41297803448,4,0,217215.87750691,224424.13,126590.201999998,26805.6770277169,159549.379499999,138182.818666669,0,14725.1904936828,1980.40322416719,5002.70320481657,16492.0793836722,6654.1227512524
"13",558.2,"Unknown","56.71","","","Unknown","12","unknown","unknown",0.779668018501499,0.779668018501499,NA,53137.9249549028,59275.1850704386,52866.3225639908,60973.3095591165,1,3,12967.9252746446,17612.0433651465,63513.9009616428,45600.9918435193,119001.035000001,60131.6532844623,14395.197925899,86455.295000003,25289.9833784976,61847.4891182334,107564.014999999,60099.1299999996
"14",349.1,"Unknown","57.09","","","Unknown","625","unknown","unknown",0.0389053952776221,0.0389053952776221,NA,46919.6792067887,8205.15757168725,45541.1032500003,9109.22968942375,3,0,56363.2547212396,39550.6799999999,26129.5989284788,3197.78169101337,104745.2334,51531.5265000007,14628.608017983,8741.87409193031,0,5711.25416775845,9476.58528691719,10672.6238655346
"15",355.1,"354.095093","59.48","",""," Biflorin ","629","Not Available","HMDB02336 ",0.0370113490783553,0.0370113490783553,NA,40308.3785370391,64918.2175287118,38142.3509166668,63426.0622500007,5,6,26501.0542639026,51950.1749999997,56521.720124999,40871.8818333339,30592.6199999996,35412.8199999998,48656.1031428579,61621.8750000002,87326.8475294112,65230.2495000012,36796.28,89877.9500000002
"16",355.1,"354.095093","59.48","",""," Chlorogenic acid ","629","Blood; Urine","HMDB03164 ",0.0370113490783553,0.0370113490783553,NA,40308.3785370391,64918.2175287118,38142.3509166668,63426.0622500007,5,6,26501.0542639026,51950.1749999997,56521.720124999,40871.8818333339,30592.6199999996,35412.8199999998,48656.1031428579,61621.8750000002,87326.8475294112,65230.2495000012,36796.28,89877.9500000002
"17",234.1,"Unknown","50.29","","","Unknown","644","unknown","unknown",0.0122675474656264,0.0122675474656264,NA,31472.5768925884,12452.9363475735,31883.921471951,10107.2553613634,3,1,22467.9548545353,28196.7318333337,35571.1111105682,15651.2611126486,40353.6574444443,46594.7450000003,4562.51757250036,10851.5842249695,4936.79728815531,9362.92649775725,31340.6899999996,13663.1025020591
"18",550.2,"Unknown","54","","","Unknown","652","unknown","unknown",0.0349517091606485,0.0349517091606485,NA,73607.7959571008,46875.8522790244,70977.1437794115,49200.2219800986,5,3,108495.147272727,81112.3850000007,73104.7004999987,68849.5870588242,57456.5273333337,52628.4285777208,53717.0599999987,69855.222857144,57593.5650000001,36782.7381427389,44683.3839601984,18623.1437140664
"19",503.15,"Unknown","51.9","","","Unknown","667","unknown","unknown",0.025576214840529,0.025576214840529,NA,8155.52213809446,37676.9028836879,0,43403.8366431679,1,3,12673.647828567,0,0,36259.4849999998,0,0,58387.0200000005,2951.46993521,57122.4999999992,34440.6962863368,52366.9769999991,20792.7540805816
"20",546.2,"545.195557","48.89","",""," Lacto-N-triaose ","701","Not Available","HMDB06592 ",0.00547990967769221,0.00547990967769221,NA,2280.48149166343,36845.852317741,0,33048.415172699,0,3,9040.87097320344,0,4642.01797677712,0,0,0,35001.8453453981,16308.2736163573,43974.0505714293,31094.9849999998,24995.5543732622,69700.4049999995
"21",576.3,"Unknown","47.79","","","Unknown","712","unknown","unknown",0.0467231219537901,0.0467231219537901,NA,11396.8420427337,73044.9607248503,4829.63510660341,46804.8518666603,0,3,20688.7691591138,35740.3846374178,0,5961.34243221424,2292.62824666382,3697.92778099258,35972.537006048,57637.1667272725,26444.1185000003,26405.674220963,151670.777894819,140139.489999999
"22",413.3,"Unknown","68.8","","","Unknown","13","unknown","unknown",0.0364129560433776,0.0364129560433776,NA,179119.601746262,16572.4414221812,178514.403315789,15949.0605312498,3,0,190566.919999997,413244.626823534,19179.9190588237,54981.1966000012,230283.061363637,166461.886631581,10719.8218749999,31474.0229999997,21891.9621176465,7039.10541176478,7131.4369411763,21178.2991874998
"23",549.3,"Unknown","68.82","","","Unknown","13","unknown","unknown",0.401525388398283,0.401525388398283,NA,172519.853680633,114785.821766382,124406.706333332,102573.230000001,5,5,154046.871333333,382738.25655,287770.101636364,66296.4012307694,49500.9500000017,94766.5413333322,108590.655000001,272320.955000001,137494.453944444,48346.5354999988,25406.5261538462,96555.8050000002
"24",550.3,"Unknown","68.79","","[M549.3_rt68.82] [C13]","Unknown","13","unknown","unknown",0.437887306008414,0.437887306008414,NA,62865.9367189159,43784.8868566469,37250.9125000013,33684.7131428577,5,3,110766.276249999,128705.006333336,36320.5200000013,35457.252444444,27765.2602857136,38181.3050000013,65910.4726874994,105623.414999999,42627.4699999997,7256.13216666676,24741.9562857157,16549.8750000006
"25",570.35,"Unknown","68.77","","","Unknown","13","unknown","unknown",0.549206941539446,0.549206941539446,NA,42436.9552199077,28048.3357212691,25199.8787499997,21097.4632777779,3,3,37035.7249999991,85599.240000003,117381.787944444,0,1240.94587500002,13364.0325000002,72691.5176470596,47270.8249999989,33696.0149999998,6132.74512500011,8498.911555556,0
"26",577.3,"Unknown","68.8","","","Unknown","13","unknown","unknown",0.801393246581491,0.801393246581491,NA,1027546.36119725,1470147.80673614,17491.0168219704,57002.7774999999,2,4,6002544.98000009,117812.367789475,0,9938.78574999976,11531.8709166669,23450.1627272739,8412090.6080002,80004.3649999995,263081.194999998,21426.4149999992,10283.0674166664,34001.1900000003
"27",579.4,"Unknown","68.77","","","Unknown","13","unknown","unknown",0.723929364107213,0.723929364107213,NA,73330.6360238101,117817.766261903,16991.9875000004,13242.7434285713,3,1,368604.450000001,35323.5202857163,22798.9200000008,1331.6934285714,740.177428571471,11185.0549999999,647507.794999991,30730.3399999998,20207.2799999999,6278.2068571427,2182.97571428584,0
"28",331.1,"Unknown","57.58","","","Unknown","24","unknown","unknown",0.207488400079098,0.207488400079098,NA,101730.66850511,61195.0965695272,85129.2304583324,49677.7360002493,4,5,93821.4489166666,170905.825,190366.496181818,76437.0119999981,33410.2090252271,45443.0199069533,46860.1752504996,101053.614999998,94497.4929166666,44045.3599999997,28218.6395000004,52495.2967499991
"29",368.2,"Unknown","57.57","","","Unknown","24","unknown","unknown",0.66963863012374,0.66963863012374,NA,36036.6444303303,41098.682779098,35598.7527864608,38245.2934972634,2,3,43404.2518395212,69291.9399999999,46928.0899999999,27793.2537334003,11482.5643412295,17319.7666678308,36296.6919945267,68748.6986666681,55343.094999999,40193.8950000001,26720.2068103751,19289.5092030193
"30",496.2,"Unknown","56.24","[52][M]+","","Unknown","4","unknown","unknown",0.472870807604283,0.472870807604283,NA,6017244.83872875,10203671.8294805,5377793.37338239,5999203.23646121,3,3,11275649.7200001,5131341.17876479,2443867.17226957,3293181.6048164,8335183.78852167,5624245.56799999,36141998.6104241,1961755.73508537,3310947.29081456,4292344.93764968,7706061.53527275,7808922.86763638
"31",376.2,"Unknown","57.58","","","Unknown","24","unknown","unknown",0.0264489651717212,0.0264489651717212,NA,79371.8945405965,3724.20820789428,68086.6151562501,2024.82960192182,5,0,182666.916631578,98477.6249999999,54543.3800000019,78952.6618125007,4370.21529949835,57220.5684999996,2595.08544377734,13290.238084648,1166.16407710594,2472.10317496055,1577.55602888308,1244.10243799077
"32",439.2,"Unknown","57.56","","","Unknown","24","unknown","unknown",0.652303739329712,0.652303739329712,NA,214076.635485773,169268.710395083,152035.837499997,135437.11470573,5,2,161520.519999996,203361.408000002,609762.629272729,142551.154999998,63366.8806419148,103897.219999999,141797.387078124,374923.919999999,252860.493484574,129076.842333335,45955.8152677504,70997.804206715
"33",460.1,"Unknown","57.57","","","Unknown","24","unknown","unknown",0.0968407637723418,0.0968407637723418,NA,32339.516294799,12957.9128597598,37323.9511666663,11733.3308023215,4,1,38062.3649999997,39610.1500000014,66659.6100000006,36585.5373333329,8162.9769141664,4956.4585212931,0,11908.1805699594,24771.5310042631,19086.7399999996,10422.5445496531,11558.4810346836
"34",523.2,"Unknown","57.75","","","Unknown","24","unknown","unknown",0.282817595747885,0.282817595747885,NA,2667985.45427723,1727534.83199083,2688176.02148515,1424627.52749331,2,3,697907.333396072,1499189.0005228,2507839.1318272,2868512.9111431,4254535.668,4179928.6807742,572841.618323434,1689396.6672943,2433371.50058362,284366.759999996,4225374.05805131,1159858.38769231
"35",532.2,"Unknown","57.65","[73][M]+","","Unknown","24","unknown","unknown",0.671183170518237,0.671183170518237,NA,739163.755075096,925277.48733195,684795.495711984,615559.137140352,2,4,1648388.60200103,1119150.82243918,937032.00213334,432558.989290629,173679.746141948,124172.368444447,2249558.03532706,1655251.09136842,812958.858947366,418159.415333338,279640.903764709,136096.619250808
"36",533.2,"Unknown","57.6","[73][M+1]+","[M532.2_rt57.65] [C13]","Unknown","24","unknown","unknown",0.885592810688747,0.885592810688747,NA,233361.479346554,251090.81316269,211683.539930555,182542.560769296,4,1,494066.403789472,396101.3646,308691.551444443,114675.528416667,40148.5384383684,46485.4893903752,611340.147643274,407641.727822672,252481.20825,112603.913288591,75611.4781212743,46866.4038503281
"37",279,"Unknown","60.45","","","Unknown","29","unknown","unknown",0.755274874355825,0.755274874355825,NA,95050.6579058701,86802.725,77950.9382857138,87791.0224999998,5,6,162113.768197124,152592.195000002,64899.8976666675,75003.8965714289,34796.21,80897.9799999986,106676.659999999,138579.185000001,93355.3799999994,27875.780000001,72102.6799999995,82226.6650000002
"38",310.2,"Unknown","60.55","","","Unknown","29","unknown","unknown",0.729568416382605,0.729568416382605,NA,125152.614816045,115179.264278056,105596.953295791,129003.181360796,0,4,112785.857296455,225163.614069388,136162.757862799,89950.413837981,98408.0492951273,88444.9965345188,173584.547247259,135765.315000001,131597.159312501,55520.2866666674,126409.203409091,68199.0740328178
"39",328.2,"Unknown","60.5","[13][M]+","","Unknown","29","unknown","unknown",0.00152759455605309,0.00152759455605309,NA,4385617.98645891,330849.53685508,3996292.96654544,323751.621928574,6,6,6302643.99242104,6237355.74437505,4589510.89636365,3329059.73780768,3403075.03672724,2452062.51105881,76066.5483333343,616295.229480001,446484.652959998,339724.083857145,307779.160000004,198747.5465
"40",329.2,"Unknown","60.5","[13][M+1]+","[M328.2_rt56.32] [C13]","Unknown","29","unknown","unknown",0.00183570293209504,0.00183570293209504,NA,1024764.08193997,78820.5948619105,927245.094378763,71396.7509134823,6,4,1563183.98476191,1406294.0795926,1035347.06556522,765244.061249999,819143.123192305,559372.177277775,58751.665000002,141622.824632376,113166.558045455,43896.7046666672,84041.8368269626,31443.9799999996
"41",497.2,"Unknown","56.22","[52][M+1]+","[M496.2_rt56.24] [C13]","Unknown","4","unknown","unknown",0.86713608580794,0.86713608580794,NA,2572931.2176323,2849231.7825855,1950389.58515788,1738748.56228272,2,3,7094582.14283288,2660647.62285182,783086.955042845,998491.414750458,2340526.64399998,1560252.52631579,9219730.43514285,1145123.60905407,1011776.72951986,1255590.88323211,2221906.24133333,2241262.79723076
"42",330.2,"Unknown","60.48","[13][M+2]+","[M329.2_rt60.5] [C13]","Unknown","29","unknown","unknown",0.0044814817939796,0.0044814817939796,NA,64423.0851343177,5544.63305013226,55263.2800000011,4763.26450350917,5,0,111952.275,63988.1550000022,86229.9349999992,43921.3466249992,46538.4049999999,33908.3941809061,11234.2908730155,4277.0857679988,3653.83043975052,6492.08117582341,2361.06680518579,5249.44323901954
"43",413.1,"Unknown","60.44","","","Unknown","29","unknown","unknown",0.313533647658705,0.313533647658705,NA,384299.441835173,218385.378853412,250587.466651517,194992.361315788,6,6,879852.035718753,380619.031666667,746469.268322583,120555.901636366,89796.5699999994,88503.8436666678,96178.6400000006,227863.999999997,309647.694222229,162120.722631579,130283.12,384218.096266667
"44",437.2,"Unknown","60.47","","[M330.2_rt60.48] taurine conjugation;[M479.25_rt60.5] isopropyl dealkylation","Unknown","29","unknown","unknown",0.505836798248624,0.505836798248624,NA,33604.2400020264,47762.4001605896,33649.3842136642,34989.592175718,3,2,75207.0732307694,43178.3500000015,35444.1199999995,15941.2483540591,31854.6484273288,0,128371.06768421,56875.108411952,44547.7249999997,15183.9155762631,25431.4593514362,16165.1249396766
"45",450.2,"Unknown","60.47","","","Unknown","29","unknown","unknown",0.746376418743525,0.746376418743525,NA,101272.653043588,122960.969227385,85069.5972642862,68038.7948532065,5,3,243736.97559091,136912.459999998,133997.008928572,34798.1253749994,22049.1627670507,36142.1856000003,394625.755629633,67387.3350000002,84116.0510000011,61182.0818549315,61764.3371733311,68690.2547064128
"46",479.25,"Unknown","60.5","","","Unknown","29","unknown","unknown",0.153069790951523,0.153069790951523,NA,204448.90841508,115952.575062464,169543.904952381,112499.660291016,6,2,377174.8593,137505.594999999,225364.466285718,177960.729333331,147560.719999999,161127.080571431,0,205866.35357143,264849.776221319,117902.377125002,107096.94345703,0
"47",300.2,"Unknown","56.5","","","Unknown","32","unknown","unknown",0.00116538369948656,0.00116538369948656,NA,3851912.904125,538603.823895877,4028956.89670457,501860.087999999,6,4,4646162.2509091,4731981.49270593,3294900.92000003,3411751.54250003,5306768.17685711,1719913.04177781,151867.329998999,229253.719999998,616802.095999998,778737.33819355,386918.079999999,1068044.37918272
"48",322.1,"321.092072","56.5","",""," 2-Amino-4-oxo-4-alpha-hydroxy-6-(erythro-1',2',3'-trihydroxypropyl)-5,6,7,8-tetrahydroxypterin ","32","Not Available","HMDB12143 ",0.057068326671602,0.057068326671602,NA,150749.467376339,15897.1989878884,107560.165654873,11560.7436394826,4,1,77334.0161097474,200605.102583333,393676.835545456,137786.315199999,18051.9231052124,77042.611714287,3924.94890125335,12727.4718438208,39427.0449999991,25215.1756978105,3694.53704930234,10394.0154351445
"49",365.2,"364.188599","56.47","",""," 12-oxo-10,11-dihydro-20-COOH-LTB4 ","32","Not Available","HMDB12549 ",0.465605604196374,0.465605604196374,NA,100906.386787413,68385.4742161747,70416.3654999998,52536.6234654226,5,4,81550.5849999989,119119.807833329,280284.254799997,59282.1460000008,14966.5920911549,50234.9349999999,66618.0669308458,38455.1799999995,120670.889999999,118200.204923077,30910.4054431274,35458.0979999991
"50",558.2,"Unknown","56.52","","","Unknown","32","unknown","unknown",0.861881079960286,0.861881079960286,NA,78226.097359973,86633.6218007133,43906.8880799203,62258.7067442394,5,3,24664.9030000003,48236.4775999996,233299.244999997,93496.2300000005,39577.298559841,30082.4299999996,7900.38285406366,111042.950666665,80846.3350000007,239878.262526315,43671.0784884781,36462.7212687568
"51",286.2,"285.194","54.33","",""," 2-Octenoylcarnitine ","33","Not Available","HMDB13324 ",0.0118680984189698,0.0118680984189698,NA,673183.59749872,1084493.34778807,688201.72215384,1123347.08476588,6,6,730398.296199995,1020304.80738462,708394.120000002,668009.324307679,457267.960000016,454727.07710001,706966.840000002,1436399.38007998,1123768.60941176,1203025.57845,1122925.56012,913874.118666673
"52",498.2,"Unknown","56.19","[52][M+2]+","[M497.2_rt56.22] [C13]","Unknown","4","unknown","unknown",0.524646542871393,0.524646542871393,NA,362302.277423999,564955.862936968,206291.505354189,308007.616164667,1,3,1081778.84868932,93781.8979450632,184078.264369487,213777.93070838,198805.079999999,401591.642831748,1837432.27365517,79476.3391290022,258023.42925241,228347.285108295,628464.047400001,357991.803076924
"53",308.1,"307.091187","54.33","",""," (S)-Succinyldihydrolipoamide ","33","Not Available","HMDB01177 ",0.395109694385383,0.395109694385383,NA,412459.913365391,129013.29508594,98543.3550000015,136732.288994231,6,6,213071.762181823,1931395.44421052,121046.49,76040.2200000026,68947.6399999999,64257.9237999995,160572.35435294,154149.805090909,103132.703083333,121770.32445,151694.253538462,82760.3299999989
"54",504.1,"Unknown","54.34","","","Unknown","33","unknown","unknown",0.90813836738041,0.90813836738041,NA,1640604.87299935,1708476.73431035,1413675.03520003,1613997.02000001,6,6,1558589.76000005,2297349.14181823,3405469.34577776,737302.800000026,576157.88000002,1268760.31040001,2877271.28000001,2007607.03999997,1220387.00000004,2579405.89986207,944471.026,621718.160000002
"55",326.2,"Unknown","56.96","","","Unknown","38","unknown","unknown",0.00168124731145228,0.00168124731145228,NA,3453365.30309967,160405.242333288,3602013.31430771,154299.916208197,5,5,4752717.20000003,4271506.18061542,2932520.448,2770161.81360004,1384914.88803474,4608371.28834779,147860.435454545,133939.791000003,65053.9199999996,213731.623583333,241106.286999997,160739.39696185
"56",348.15,"Unknown","56.91","","","Unknown","38","unknown","unknown",0.105201067487773,0.105201067487773,NA,115022.317608552,4108.99852988793,58967.5254889702,4040.43574304047,3,0,392678.989888893,50463.5514359089,35362.0329511438,49509.761833334,67471.4995420316,94648.0699999978,7570.08370617789,1889.23468869989,1142.58498966973,2301.48424128958,5779.38724479137,5971.21630869913
"57",349.1,"Unknown","56.91","","","Unknown","38","unknown","unknown",0.139227216584251,0.139227216584251,NA,41760.1776158259,9961.39593989764,25875.4950050997,8331.44845990235,3,0,128608.939684212,12314.2279451636,13744.5180553809,29484.5999999998,22266.3900101995,44142.3899999994,23074.1145279409,8382.75391315787,1443.58497017937,3390.92159215517,8280.14300664683,15196.8576293058
"58",506.2,"Unknown","56.96","[60][M]+","[M+H]+ 505.202","Unknown","38","unknown","unknown",0.534250302679928,0.534250302679928,NA,612517.431983851,774015.834267764,596220.188892541,633791.348317457,4,4,495765.998117991,881212.410000016,1008018.37714287,97667.4288571444,655897.759999991,536542.617785091,535054.289777789,1761100.90240004,482743.2400733,299352.887729097,732528.406857124,833315.278769233
"59",528.2,"Unknown","57.01","","[M+Na]+ 505.202","Unknown","38","unknown","unknown",0.88680370356186,0.88680370356186,NA,48361.5209276647,51399.1853262755,48623.8786800283,35554.3517612376,2,3,65876.6972450973,67908.4799999999,15584.0983652847,50917.0588146021,46330.6985454544,43552.0925955497,74517.122336366,133399.206214286,26044.998147476,4322.25488452539,45063.7053749992,25047.8249999997
"60",324.2,"Unknown","54.62","","","Unknown","39","unknown","unknown",0.0399037965950939,0.0399037965950939,NA,108278.022019319,6395.9239897358,84825.3474999997,5074.44228864978,5,0,96901.7377999993,287813.149066669,79667.8899999995,55325.8799999999,39976.6702492471,89982.8049999999,12587.7219524135,0,8785.45435321819,1028.47323045054,14610.4641782512,1363.43022408136
"61",354.2,"Unknown","60.25","","","Unknown","57","unknown","unknown",0.000534164235815381,0.000534164235815381,NA,806246.383205267,79888.2584412295,787849.063489902,81168.4687736874,6,5,1153822.85500001,955603.14104347,858512.257090918,548488.398999994,603865.777208329,717185.869888886,68807.0881000015,104870.650000001,51277.2249999999,92037.6500000001,89229.5119473758,73107.4255999991
"62",573.3,"572.294495","60.2","",""," Kinetensin 4-7 ","57","Not Available","HMDB12986 ",0.334855004395952,0.334855004395952,NA,61114.4004555562,6517.72316999879,11947.9925000004,6951.55967759613,3,0,27246.650000001,315543.767733335,23895.9850000008,0,0,0,0,10618.2265417931,13582.9991871366,0,3284.89281339917,11620.2204776638
"63",301.2,"Unknown","56.67","","","Unknown","12","unknown","unknown",0.00318340165641772,0.00318340165641772,NA,453312.676211364,70312.2887314018,477990.909199478,63868.4182674143,1,3,189342.448284256,627974.676263492,673229.24727346,273347.86704802,479783.50646154,476198.311937416,8109.48827249591,6579.19129537224,57753.276749999,69983.5597848296,197470.386285714,81977.8299999999
"64",594.3,"Unknown","60.21","","","Unknown","57","unknown","unknown",0.517134914071134,0.517134914071134,NA,212873.008760484,457874.371926335,231324.214999999,103949.378366232,5,3,392517.093083333,247484.047999997,160337.417954544,14251.0635250319,243587.555,219060.874999999,117828.311732464,22884.4722682477,90070.4449999994,42523.7687906199,280290.803899998,2193648.42986668
"65",599.3,"Unknown","60.22","","","Unknown","57","unknown","unknown",0.391700828871618,0.391700828871618,NA,42420.5781111986,93085.8475542641,43692.4525000003,45270.3355612028,3,2,35696.0850000012,51688.8199999993,33737.1889517797,9802.56787201777,68262.1700000004,55336.6368433934,59220.528979174,2912.17798739758,31320.1421432317,16164.6431975993,96355.5876999993,352542.005318183
"66",269.1,"Unknown","54.88","","","Unknown","60","unknown","unknown",0.568265562528702,0.568265562528702,NA,36117.3445820741,43866.4693340975,32866.6214978239,43629.9856281624,0,3,21735.5901683035,20619.0072686955,27069.3769441924,38663.8660514553,66280.2574715284,42335.9695882696,60669.6081000013,16781.5552674369,26590.3631563234,16729.7694808242,77658.4299999995,64769.0899999996
"67",372.2,"Unknown","54.87","","","Unknown","60","unknown","unknown",0.379492301441166,0.379492301441166,NA,207445.414853972,806879.290866515,125472.038883334,279704.57855292,5,2,65831.7250000002,60919.5595555568,137075.850599999,478901.826000009,388075.300801602,113868.227166668,0,5013.16482897069,332177.890074762,3885779.51162791,391073.911636362,227231.267031078
"68",455.1,"Unknown","54.87","","","Unknown","60","unknown","unknown",0.602744241201896,0.602744241201896,NA,1211062.57637809,956943.186717944,1022761.09598654,719386.630153855,5,6,1123712.23821309,2529617.56654546,2004683.45574999,921809.953759995,385766.239999995,300786.003999989,1989890.97999998,1683364.07999999,1020855.6603077,417917.600000015,384764.639999995,244866.159999997
"69",510.2,"Unknown","54.89","","","Unknown","60","unknown","unknown",0.00100094721649534,0.00100094721649534,NA,33289.390694751,5005.92118889423,31124.7230000001,981.202196004375,3,0,55305.7199166667,32918.2099999998,20218.7776311453,34706.2728219264,27256.1277987675,29331.2360000004,12641.8958634411,15431.2268779155,1962.40439200875,0,0,0
"70",528.2,"Unknown","54.89","[68][M]+","","Unknown","60","unknown","unknown",0.527198084860623,0.527198084860623,NA,313486.186416861,427578.412444751,187829.469283332,273796.536200322,6,4,125232.046833329,634612.964142847,704940.176124995,250426.891733335,60122.6049999986,105582.434666663,858659.159999997,805787.981142861,214874.551125004,251000.338526857,296592.733873788,138555.71
"71",530.1,"Unknown","54.87","","","Unknown","60","unknown","unknown",0.250508388210761,0.250508388210761,NA,24136.7598005632,38590.4377242041,26524.3464603427,44058.1077038063,3,3,32382.9799999996,32777.3599999996,20665.7129206858,0,52720.1549999988,6274.35088269555,47167.5349999989,64107.0949999999,0,41134.915407611,32151.7809376134,46981.3000000016
"72",580.15,"Unknown","54.88","","","Unknown","60","unknown","unknown",0.463083006126666,0.463083006126666,NA,33131.4620188564,65841.6766245803,24481.9707640293,20466.7674433057,3,1,90278.5899999999,38740.0455000007,27770.2717500005,21193.669778058,7427.21209980483,13378.9829852743,255426.744615385,86566.3356404524,25424.1191582391,5806.89272303582,6316.55188199709,15509.4157283724
"73",249.1,"Unknown","61.03","","","Unknown","77","unknown","unknown",0.0460706291169285,0.0460706291169285,NA,535526.657832798,291626.689832737,523196.862766302,223655.840712495,5,5,848764.199384618,634826.599999985,453286.600000001,582534.720782604,229888.822079581,463859.00475,508762.720000001,189174.321424982,258137.360000009,465071.732571431,173790.119999999,154823.884999998
"74",522.2,"Unknown","56.68","[65][M]+","[M+H]+ 521.202","Unknown","12","unknown","unknown",0.928039071576109,0.928039071576109,NA,17469404.1486878,17554392.0830351,18110428.5138406,17995786.990886,3,3,18386548.0564849,17834308.9711963,15970486.8710303,14737535.5090296,19209625.9841951,18677919.5001905,17051094.864889,17929971.3183341,18061602.6634379,14967198.2112572,19015208.9642927,18301276.476
"75",255.2,"Unknown","61.03","","","Unknown","77","unknown","unknown",0.986652767706204,0.986652767706204,NA,186143.563423451,188078.543090297,139036.409941766,141123.299489813,3,3,554704.37100001,237643.685,275482.254999998,0,8601.93465716375,40429.1348835332,501230.002285722,245456.165,132798.824528337,149447.774451288,12465.0222764351,87073.4699999999
"76",281.2,"280.193939","61.02","",""," Imipramine ","77","Not Available","HMDB01848 ",0.987797213737448,0.987797213737448,NA,1446190.80298128,1437497.17601298,1253447.21921527,1214848.25958974,6,6,3035567.48485714,2515664.26099998,1058954.05155554,570811.839999992,48206.7936000004,1447940.38687501,2467717.68833334,1195008.96000001,1214078.35733332,2077832.91034285,454726.978222231,1215618.16184616
"77",291.2,"Unknown","61.02","","","Unknown","77","unknown","unknown",0.927351238987234,0.927351238987234,NA,35966.5683055953,34390.2024811048,31329.4753895619,28189.7545911078,2,3,46486.8230029061,87486.6542222218,50793.6400000001,16172.1277762177,4814.10339149037,10046.0614407357,72516.2442352949,56120.9000000001,41198.6249999997,15180.884182216,14331.8753022378,6992.68616688037
"78",309.2,"Unknown","61.01","","","Unknown","77","unknown","unknown",0.519478368421356,0.519478368421356,NA,128297.973933229,176702.665466149,116715.939235294,170960.771658543,3,3,298364.12,151039.614225473,139745.11,93686.7684705876,15388.3978771347,71563.833026179,447647.079178571,181071.512178489,160850.031138597,183253.429499999,47768.1408012369,39625.7999999997
"79",339.2,"Unknown","61.01","","","Unknown","77","unknown","unknown",0.937189891147936,0.937189891147936,NA,203496.165297934,200867.264935139,196416.158080098,215922.00004758,1,3,294399.588923078,258299.372046386,236519.564580212,149982.564698348,125463.149959595,156312.751579984,228067.98825,220289.399999995,242029.612944443,156367.24344276,211554.600095164,146894.744878474
"80",492.2,"Unknown","61","","","Unknown","77","unknown","unknown",0.268064656858847,0.268064656858847,NA,461328.068888529,369223.958697767,411452.858619082,363322.682097466,4,5,436027.635454547,654924.480296302,588778.688392857,342938.312347823,358421.215056032,386878.081783617,154045.701916667,329630.885999999,584716.98775,397014.478194934,323899.26645,426036.431875002
"81",572.2,"Unknown","61.02","","","Unknown","77","unknown","unknown",0.997871449341394,0.997871449341394,NA,249694.408744249,250450.296139404,93948.992662389,33093.8807697925,3,2,147471.514999997,1051955.94913044,219090.930093751,8642.93748761515,30578.6504289117,40426.4703247805,4907.19242799568,1358821.86263637,61319.6268750011,11465.3333574766,20836.9119238726,45350.8496157125
"82",356.2,"Unknown","63.86","[19][M]+","","Unknown","79","unknown","unknown",0.00789893402212688,0.00789893402212688,NA,1290168.86531984,247954.242309424,1113503.33594908,219009.970293749,5,4,1252590.85407999,2391819.13568002,1535138.25094736,974415.817818171,722150.87235,864898.261043482,154182.238476191,520451.518476191,250309.05765,220222.8939,124762.698666667,217797.046687498
"83",357.2,"Unknown","63.86","[19][M+1]+","[M356.2_rt63.86] [C13]","Unknown","79","unknown","unknown",0.0129848164998653,0.0129848164998653,NA,275828.174084089,53586.8988264705,271515.116951387,45706.5751388888,3,1,279771.37811111,487576.88906667,391437.15536842,263258.855791665,101040.638055557,131884.128111113,45907.6452777776,133117.7769,38416.1759999997,50993.714722222,7580.57505882361,45505.5050000001
"84",438.3,"437.290619","67.55","",""," PE(P-16:0e/0:0) ","83","Not Available","HMDB11152 ",0.0147573516159129,0.0147573516159129,NA,790376.412924731,60890.0808214285,700919.090026314,45200.962535714,6,4,1659973.59,917756.232521743,901416.524999999,500421.65505263,326798.400545453,435892.074428565,164797.63,40858.7200714288,31533.1849999998,49543.2049999993,26710.200857143,51897.5440000001
"85",523.2,"Unknown","56.65","[65][M+1]+","[M522.2_rt56.68] [C13]","Unknown","12","unknown","unknown",0.141352303832101,0.141352303832101,NA,4987987.45017231,3753279.73129729,5255588.47686593,4439990.41532664,3,3,5583258.55422224,5002577.99293187,4231640.23979854,4007232.51573116,5594616.43755004,5508598.9608,1797343.98640004,4845683.79921825,4811234.38625732,4068746.44439596,5447069.3715122,1549600.4
"86",445.2,"Unknown","67.59","","","Unknown","83","unknown","unknown",0.830833615095997,0.830833615095997,NA,86619.1685041673,102000.172187499,42414.1210499997,37385.7556666664,4,3,347650.665000004,53131.4848000012,16254.09,17850.5291249997,40419.8020999997,44408.4399999997,239114.784999997,256856.032166667,37819.7899999999,9706.12999999999,31552.5746250006,36951.7213333329
"87",577.3,"Unknown","67.51","","","Unknown","83","unknown","unknown",0.318762913739736,0.318762913739736,NA,25339.1646000002,122328.113880951,26795.9300000007,44306.3816428569,2,3,44026.5799999994,49505.5776000004,43156.4400000015,10435.4199999999,4910.96999999997,0,81309.5749999995,85170.4299999994,552031.83999999,1018.81499999999,7134.83499999995,7303.1882857144
"88",355.2,"Unknown","60.26","","","Unknown","90","unknown","unknown",0.0133153548271969,0.0133153548271969,NA,176602.825568783,35595.8764374763,179196.108123016,36858.3571517286,6,1,295594.531388887,237053.08961111,228562.860190476,129829.356055555,43976.5111666672,124600.605,52727.9800000007,38296.2205366191,31160.3937296927,38248.8590347083,35467.8552687489,17673.9500550881
"89",479.2,"Unknown","60.34","","","Unknown","90","unknown","unknown",0.957115142536597,0.957115142536597,NA,171389.925353196,176344.635916479,162488.561165572,140164.999981374,2,3,147994.402331143,75606.5804281201,240836.12670543,176982.720000002,85035.9176544822,301883.804999998,153793.489962749,6997.15972188593,47260.2569570973,126536.509999998,160794.359999999,562686.038857142
"90",410.3,"Unknown","65.55","","","Unknown","109","unknown","unknown",0.0159997604082636,0.0159997604082636,NA,369062.92564815,90159.8653749997,372002.084999998,80897.1185833334,4,5,546302.375000003,138829.585,601543.288888901,464880.545999992,183698.134999999,279123.624000005,90325.4250833333,182862.424999999,77595.390500001,84198.8466666657,30062.085,75915.019999999
"91",410.3,"Unknown","65.7","","","Unknown","112","unknown","unknown",0.0103004478714138,0.0103004478714138,NA,357999.227499997,38787.6927499997,304949.639999999,27558.8675,4,1,252265.480000001,729036.469999987,239487.254999998,178347.399999999,357633.799999998,391224.959999999,19395.045,105433.453124998,14341.6599999999,35722.69,41976.4300000001,15856.8783750003
"92",301.2,"Unknown","56.44","","","Unknown","128","unknown","unknown",0.00192168910095778,0.00192168910095778,NA,747231.996970908,65227.343161,839381.190529411,69536.3627393489,5,3,913393.470000004,1012957.7061,966087.153888884,765368.911058818,278329.772050473,547254.968727271,13059.13169322,77985.6796363634,41136.0249999997,88195.5950163062,61087.0458423344,109900.581777776
"93",508.2,"Unknown","56.46","","","Unknown","128","unknown","unknown",0.993549072086563,0.993549072086563,NA,230252.511215794,229515.512529667,198474.367562498,244706.610383712,4,0,17149.6699159722,208377.190124996,555912.706285705,134358.154833329,277145.801134762,188571.545,120388.531424833,315749.246461337,289866.827829972,199546.392937452,377813.52333069,73728.5531937182
"94",327.2,"326.188202","56.85","",""," Isoacitretin ","144","Not Available","HMDB03039 ",0.0310934099258737,0.0310934099258737,NA,496475.623026055,20727.4482397272,450258.924520172,23375.8289863767,3,1,1187019.03008001,437122.154968922,162274.850000006,463395.694071421,98780.7664228975,630261.242613073,36898.0049999997,12716.4779295897,21408.4157604276,27998.5485360203,25343.2422123258,0
"95",298.2,"Unknown","53.11","","","Unknown","159","unknown","unknown",0.0114461784808779,0.0114461784808779,NA,87133.2821666666,12779.8990575848,69171.434999999,11342.2683446938,6,0,90211.2950000002,77721.0299999995,180657.828,56925.310000002,56662.3899999992,60621.8399999986,2308.15427340668,5427.34047364729,10511.9722899701,33576.747062567,12172.5643994175,12682.6158465003
"96",524.2,"Unknown","56.64","[65][M+2]+","[M523.2_rt56.65] [C13]","Unknown","12","unknown","unknown",0.362292033040038,0.362292033040038,NA,612359.322415908,358028.398023144,326070.996973305,366551.997488013,3,2,1110931.83835715,119381.681574173,197945.528245419,253161.463946618,1593754.8923721,398980.529999993,526541.532785178,124763.634335874,236462.458363636,177765.220000006,585996.006041781,496641.536612391
"97",382.2,"381.191315","63.19","",""," 12-Oxo-20-trihydroxy-leukotriene B4 ","163","Not Available","HMDB12553 ",0.0223989710173612,0.0223989710173612,NA,395508.018645382,62523.1366222226,377830.675390693,54778.9124999997,6,4,734215.639500002,620364.838499998,447797.65859091,125798.347090909,307863.692190476,137007.935999998,103605.582000001,94799.8750000006,62172.7549999996,30062.3693333335,37113.1684000008,47385.0699999998
"98",419.2,"Unknown","63.2","","","Unknown","163","unknown","unknown",0.293729512493868,0.293729512493868,NA,128679.589731481,195028.617149999,104341.771527778,189418.584749999,2,3,220464.679999997,102223.236888888,90416.3099999994,106460.306166668,188621.880333336,63891.1249999991,340781.879999995,69406.1850000024,216577.219999999,162259.9495,341173.238399998,39973.2299999995
"99",348.2,"Unknown","54.67","","","Unknown","171","unknown","unknown",0.0354201446443118,0.0354201446443118,NA,31924.186438057,4972.48264201913,32309.5784687852,6075.75855767039,3,0,8917.45810994888,6538.53048082123,18820.9969375707,58077.1500000001,53392.8231000012,45798.1599999997,5837.8696866903,6313.64742865047,6987.19881082595,1857.61888652274,8838.56103942535,0
"100",318.1,"Unknown","54.15","","","Unknown","173","unknown","unknown",0.635683229617548,0.635683229617548,NA,51936.5360968292,61659.8849682539,48804.910583333,40539.7599999995,5,6,37882.7304143102,42677.5500000001,77539.489999999,47550.5904999983,50059.2306666677,55909.6249999999,74021.3699999999,44801.2549999994,35400.3000000001,36278.2649999995,30304.073333334,149154.046476191
"101",383.1,"Unknown","54.21","[30][M+1]+","","Unknown","173","unknown","unknown",0.0513698536029783,0.0513698536029783,NA,82889.7411862424,36200.9752804341,90555.7340000005,26130.8050000009,4,2,50069.5754414311,107937.586285712,96860.9799999994,59739.1799999992,84250.4880000017,98480.6373903113,52261.6100000018,105975.540000001,0,0,0,58968.701682602
"102",484.1,"Unknown","54.17","","","Unknown","173","unknown","unknown",7.53693569850691e-05,7.53693569850691e-05,NA,38559.6742043135,8069.4838412278,34995.7474999997,7304.28816652452,5,0,37921.5150000001,46895.6388571436,51527.6249999988,31739.7649999996,31203.5213687396,32069.9799999993,12621.2952239445,3514.49180952751,5507.49477934286,9101.08155370617,2645.09219687348,15027.4474839723
"103",439.3,"Unknown","67.63","","","Unknown","188","unknown","unknown",0.0381203881694946,0.0381203881694946,NA,166509.851577441,8894.00053703708,91131.8507777773,8332.58816666673,3,0,382684.755000001,298674.704909092,81514.5900000002,100749.111555554,67752.8280000013,67683.1199999991,9587.18999999999,14005.185,7147.35500000002,5959.09688888901,7164.06133333348,9501.11499999999
"104",429.2,"428.190704","68","",""," Pyridinoline ","195","Blood; Urine","HMDB00851 ",0.00191940468763549,0.00191940468763549,NA,228971.237500001,85061.8908333338,228502.520000002,87081.295000003,3,4,314535.265000001,292659.695,146092.750000005,232821.919999997,224183.120000008,163534.674999998,85787.040000003,89993.5649999968,23609.5899999997,66057.0849999996,156548.515,88375.5500000031
"105",411.2,"Unknown","65.6","","","Unknown","216","unknown","unknown",4.19199008848117e-05,4.19199008848117e-05,NA,148210.615323231,34559.0730194446,158180.690444441,27664.7412500001,6,4,172806.651272727,173802.640000001,167487.241333327,128308.369777776,97984.6500000006,148874.139555554,47465.4874166667,64596.9400000004,22508.0832000002,24951.2675000003,17454.445,30378.2149999998
"106",398.3,"Unknown","67.67","","","Unknown","218","unknown","unknown",0.0166009652822615,0.0166009652822615,NA,125743.341557638,5013.13396666668,98289.3335312501,2568.94750000001,6,0,285056.924999997,145485.623199999,93594.8249999994,70042.5401666666,102983.842062501,57296.2939166667,0,17175.8750000001,5137.89500000003,7765.03379999994,0,0
"107",531.2,"Unknown","56.67","","","Unknown","12","unknown","unknown",0.0394819206970107,0.0394819206970107,NA,245989.376513983,453392.022866968,270478.426343469,421169.850768661,3,3,285766.310390054,108723.680000004,319835.919999998,64396.6199999999,442023.186396959,255190.542296884,290746.390802173,708533.927095639,437381.139137314,575230.102766667,404958.562400009,303502.015000003
"108",430.2,"Unknown","67.91","","","Unknown","260","unknown","unknown",0.0409212689026702,0.0409212689026702,NA,120218.865833334,56770.2013703701,99688.935000002,57690.4113333327,4,1,107346.480000004,226029.819999998,141317.935,75037.0550000002,79550.5150000002,92031.3900000002,53217.1764444438,52053.4650000001,75623.2555555547,28914.9400000001,68648.7250000002,62163.6462222215
"109",424.3,"Unknown","66.57","","","Unknown","273","unknown","unknown",0.0200661672571618,0.0200661672571618,NA,62685.3105601183,11284.9819523808,42754.2349999996,9908.40542857146,6,1,74789.784999999,44408.4400000001,134985.144199999,40252.8202857133,41100.029999999,40575.6438749993,22182.3099999995,1541.52499999999,17441.925,6727.32085714269,8589.500857143,11227.3099999999
"110",419.2,"Unknown","61.69","","","Unknown","288","unknown","unknown",0.0343856072228341,0.0343856072228341,NA,23418.7315833335,61382.8971590906,16982.5975000003,55658.2052499994,0,3,33807.5595000006,11623.2549999999,20348.1300000007,13617.065,48482.1349999999,12634.2449999999,45124.7354999992,24320.1,105221.357454545,35320.4849999998,66191.6749999996,92119.0299999999
"111",287.1,"Unknown","49.46","","","Unknown","326","unknown","unknown",0.0332322403235372,0.0332322403235372,NA,20993.084470387,39235.2655962488,20436.8518699789,41798.0839083318,0,3,22250.7143908511,9043.23459721499,35271.669259308,18622.9893491067,27155.0242305786,13614.8749952627,45534.7327499992,21624.387959262,38569.816444444,23627.5650515686,61028.7399999996,45026.3513722196
"112",528.1,"Unknown","56.68","","","Unknown","364","unknown","unknown",0.0372589098315941,0.0372589098315941,NA,22445.2780328186,59531.23475,21667.8733574451,60451.2852499988,1,6,52258.7409394334,0,24469.6717148895,34419.2434438933,18866.0750000007,4657.93709869448,43291.029999999,95144.1750000033,77611.5404999986,88170.1079999997,28157.4799999996,24813.0749999994
"113",348.2,"Unknown","54.84","","","Unknown","370","unknown","unknown",0.00589999106799239,0.00589999106799239,NA,76760.1382453374,5833.79443327121,79234.2366666673,4444.06960202999,5,0,116704.548214286,95473.871111113,115560.937066667,27078.8958577346,42747.9750000015,62994.6022222215,12191.0447264803,4249.83629811461,8824.76009480321,2013.18671533156,4638.30290594536,3085.6358589522
"114",419.2,"Unknown","61.97","","","Unknown","385","unknown","unknown",0.0384311049475669,0.0384311049475669,NA,28526.0370793655,83167.6989285713,24022.1880714287,82592.0925000029,0,3,54651.3650000019,29453.7411428576,16887.9149999998,18590.6349999997,33553.1563333338,18019.4099999999,91732.4750000032,28739.728999999,73451.7100000026,35965.2649999998,112010.051999999,157106.962571425
"115",302.2,"Unknown","56.48","","","Unknown","423","unknown","unknown",0.00495759638879667,0.00495759638879667,NA,64960.7961018268,10940.841204592,69105.3111999995,11347.7316691575,5,0,19641.555960961,85797.2073999994,91419.4750000008,89233.11325,51260.0099999999,52413.4149999997,5511.01037427931,897.852453650352,15150.2320749938,11911.9514336258,10783.5119046893,21390.4889863137
"116",528.2,"Unknown","56.5","","","Unknown","423","unknown","unknown",0.728412234413121,0.728412234413121,NA,62584.680289264,56464.3914622668,61289.3634099091,57099.0781506712,4,1,62926.8672000006,59651.8596198177,116578.415,63426.3199999999,31352.1659157659,41572.4540000003,94361.547955111,80703.1686976215,63864.5199999996,50333.6363013428,11676.1039818122,37847.3718377139
"117",241.1,"Unknown","61.44","","","Unknown","428","unknown","unknown",0.715703649814791,0.715703649814791,NA,202638.918616669,187226.409600001,215656.217500004,200046.907500002,3,2,109925.599999999,277363.57866667,227457.100000008,164604.818333336,232627.079699998,203855.335000001,274270.94500001,264484.999999996,213941.760000007,186152.054999997,69702.4511999966,114806.246400001
